{
  "nodes": {
    "center": { "title": "Центр — путь", "text": "Заглушка интерпретации для центрального узла. Здесь будет описание пути и судьбы." },
    "topOuter": { "title": "20 лет", "text": "Заглушка интерпретации для узла 20 лет." },
    "rightOuter": { "title": "40 лет", "text": "Заглушка интерпретации для узла 40 лет." },
    "bottomOuter": { "title": "60 лет", "text": "Заглушка интерпретации для узла 60 лет." },
    "leftOuter": { "title": "0 лет", "text": "Заглушка интерпретации для узла 0 лет." },
    "topInner": { "title": "Верхний внутренний узел", "text": "Заглушка для верхнего внутреннего узла." },
    "rightInner": { "title": "Правый внутренний узел", "text": "Заглушка для правого внутреннего узла." },
    "bottomInner": { "title": "Нижний внутренний узел", "text": "Заглушка для нижнего внутреннего узла." },
    "leftInner": { "title": "Левый внутренний узел", "text": "Заглушка для левого внутреннего узла." },
    "maleLower": { "title": "Мужская реализация", "text": "Заглушка для нижнего мужского узла." },
    "femaleLower": { "title": "Женская реализация", "text": "Заглушка для нижнего женского узла." }
  },
  "lines": {
    "male": { "title": "Мужская линия", "text": "Заглушка описания мужской линии (левый луч)." },
    "female": { "title": "Женская линия", "text": "Заглушка описания женской линии (правый луч)." },
    "upper": { "title": "Духовная ось", "text": "Заглушка описания верхней духовной оси." },
    "lower": { "title": "Материальная ось", "text": "Заглушка описания нижней материальной оси." }
  },
  "zones": {
    "lovePoint": { "title": "Зона любви", "text": "Заглушка описания зоны любви." },
    "moneyPoint": { "title": "Зона денег", "text": "Заглушка описания зоны денег." },
    "comfort": { "title": "Зона комфорта", "text": "Заглушка описания зоны комфорта." }
  }
}

